{
    "user":[{
        "name": "Masoud",
        "id":"1",
	"location":"150,170",
	"address" : "Jerusalem",
        "freinds":"jehad,sliman,ammar"
},
{
        "name": "Ammar",
        "id":"2",
	"location":"150,170",
	"address" : "Jordan",
        "freinds":"jehad,sliman,Masoud"
},
{
        "name": "jehad",
        "id":"3",
	"location":"150,170",
	"address" : "Ramallah",
        "freinds":"Masoud,sliman"
},
{
        "name": "Sliman",
        "id":"4",
	"location":"150,170",
	"address" : "USA",
        "freinds":"jehad,Ammar"
}
    ]
    }
